rsid	beta_x	beta_y	se_y
rs12345671	-0.15	0.038518	0.016757
rs12345672	-0.09	0.000145	0.007754
rs12345673	-0.64	-0.001484	0.007465
rs12345674	-0.09	0.013788	0.007847
rs12345675	-0.16	-0.002257	0.008206
rs12345676	-0.1	-0.006081	0.009301
rs12345677	-0.21	-0.009465	0.007621
rs12345678	-0.08	0.011981	0.007824
rs12345679	-0.07	0.007236	0.008248
rs123456710	-0.11	0.018847	0.014679
