rsid	beta_x	beta_y	se_y
rs12345671	-0.15	0.024548	0.019575
rs12345672	-0.09	0.01442	0.009002
rs12345673	-0.64	0.000764	0.008673
rs12345674	-0.09	0.010824	0.009137
rs12345675	-0.16	-0.00823	0.009569
rs12345676	-0.1	-0.000194	0.01083
rs12345677	-0.21	5.90E-05	0.00888
rs12345678	-0.08	0.009389	0.009129
rs12345679	-0.07	0.005771	0.009631
rs123456710	-0.11	-0.0221	0.017107
