rsid	beta_x	beta_y	se_y
rs12345671	-0.15	-0.00083	0.034751
rs12345672	-0.09	0.014661	0.015809
rs12345673	-0.64	-0.0115	0.015503
rs12345674	-0.09	0.012133	0.016137
rs12345675	-0.16	0.002174	0.017431
rs12345676	-0.1	-0.024731	0.018566
rs12345677	-0.21	-0.012345	0.015742
rs12345678	-0.08	0.023839	0.016514
rs12345679	-0.07	0.01733	0.017366
rs123456710	-0.11	-0.023405	0.030045
